{"features":[{"geometry":{"spatialReference":{"wkid":4326},"x":4.794825408999998,"y":51.827743860000055},"symbol":null,"attributes":{"OBJECTID":1,"BEDRIJF":"06-GPS","Postbus":"Kubus 11","SingeLine":"3364 DG Sliedrecht","Bezoekadre":"Kubus 11","Woonplaats":"Sliedrecht","Postcode":"3364 DG","Postcode1":"3364DG","Land":"Nederland","Bezoekad_1":"http://geobusiness.nl/leden/06-gps","Bezoekad_2":"","Website":"http://www.06-gps.nl","Logo":"http://i1.webtr02.webtraders.nl/slir/w50-h50-q80/http://v2.sparqcms.com/dir_upload/blog/de976ec09346d75b53298b240b9e.jpg"},"popupTemplate":null},{"geometry":{"spatialReference":{"wkid":4326},"x":5.9856404860000225,"y":53.23350944500004},"symbol":null,"attributes":{"OBJECTID":4,"BEDRIJF":"Altenburg&Wymenga Ecologisch Onderzoek","Postbus":"Postbus 32","SingeLine":"","Bezoekadre":"Suderwei 2","Woonplaats":"Feanwâlden","Postcode":"9269 TZ","Postcode1":"9269TZ","Land":"Nederland","Bezoekad_1":"http://geobusiness.nl/leden/altenburg-wymenga","Bezoekad_2":"","Website":"http://www.altwym.nl/","Logo":"http://i1.webtr02.webtraders.nl/slir/w50-h50-q80/http://v2.sparqcms.com/dir_upload/blog/2196a9eb13d9df4a506f3da2e885.jpg"},"popupTemplate":null},{"geometry":{"spatialReference":{"wkid":4326},"x":6.0008128530000135,"y":52.213779776000024},"symbol":null,"attributes":{"OBJECTID":5,"BEDRIJF":"Arcadis Nederland","Postbus":"Postbus 673","SingeLine":"","Bezoekadre":"Het Rietveld 59a","Woonplaats":"Apeldoorn","Postcode":"7321 CT","Postcode1":"7321CT","Land":"Nederland","Bezoekad_1":"http://geobusiness.nl/leden/arcadis","Bezoekad_2":"","Website":"http://www.arcadis.nl","Logo":"http://i1.webtr02.webtraders.nl/slir/w50-h50-q80/http://v2.sparqcms.com/dir_upload/blog/30bd79467f58c76a8b7cd448de4d.jpg"},"popupTemplate":null},{"geometry":{"spatialReference":{"wkid":4326},"x":6.608686997000007,"y":53.209225297000046},"symbol":null,"attributes":{"OBJECTID":8,"BEDRIJF":"Azimuth Geodetic","Postbus":"Bremenweg 7","SingeLine":"","Bezoekadre":"Bremenweg 7","Woonplaats":"Groningen","Postcode":"9723 TC","Postcode1":"9723TC","Land":"Nederland","Bezoekad_1":"http://geobusiness.nl/leden/azimuth-geodetic","Bezoekad_2":"","Website":"http://www.azimuth.nl","Logo":"http://i1.webtr02.webtraders.nl/slir/w50-h50-q80/http://v2.sparqcms.com/dir_upload/blog/84115f1672938dd1a156ace9683f.jpg"},"popupTemplate":null},{"geometry":{"spatialReference":{"wkid":4326},"x":4.707768199000043,"y":52.29136152000001},"symbol":null,"attributes":{"OBJECTID":9,"BEDRIJF":"Bentley Systems","Postbus":"Postbus 2045","SingeLine":"","Bezoekadre":"Spicalaan 37","Woonplaats":"Hoofddorp","Postcode":"2132 JG","Postcode1":"2132JG","Land":"Nederland","Bezoekad_1":"http://geobusiness.nl/leden/bentley-systems","Bezoekad_2":"","Website":"http://www.bentley.com/nl-NL","Logo":"http://i1.webtr02.webtraders.nl/slir/w50-h50-q80/http://v2.sparqcms.com/dir_upload/blog/34f1ef6e7d8339ddd387944b3ffc.jpg"},"popupTemplate":null},{"geometry":{"spatialReference":{"wkid":4326},"x":5.712647955000023,"y":51.913445084000045},"symbol":null,"attributes":{"OBJECTID":10,"BEDRIJF":"Boels Geo & Safety B.V.","Postbus":"Geurdeland 1","SingeLine":"6670 AB Zetten","Bezoekadre":"Geurdeland 1","Woonplaats":"Andelst","Postcode":"6673 DR","Postcode1":"6673DR","Land":"Nederland","Bezoekad_1":"http://geobusiness.nl/leden/boels-geo-safety","Bezoekad_2":"","Website":"http://www.pol-geotechniek.nl","Logo":"http://i1.webtr02.webtraders.nl/slir/w50-h50-q80/http://v2.sparqcms.com/dir_upload/blog/0ce2995c0cf2a9df1098bb96e65a.jpg"},"popupTemplate":null},{"geometry":{"spatialReference":{"wkid":4326},"x":5.430807511000012,"y":51.886823959000026},"symbol":null,"attributes":{"OBJECTID":12,"BEDRIJF":"Bridgis","Postbus":"Sint Walburgkerkpad 3","SingeLine":"","Bezoekadre":"Sint Walburgkerkpad 3","Woonplaats":"Tiel","Postcode":"4001 MG","Postcode1":"4001MG","Land":"Nederland","Bezoekad_1":"http://geobusiness.nl/leden/bridgis","Bezoekad_2":"","Website":"http://www.bridgis.nl","Logo":"http://i1.webtr02.webtraders.nl/slir/w50-h50-q80/http://v2.sparqcms.com/dir_upload/blog/ff11132b14a1775237e63b91fa98.jpg"},"popupTemplate":null},{"geometry":{"spatialReference":{"wkid":4326},"x":5.899885899000026,"y":53.25692957700005},"symbol":null,"attributes":{"OBJECTID":13,"BEDRIJF":"Rho Adviseurs voor Leefruimte","Postbus":"Postbus 81","SingeLine":"","Bezoekadre":"Rengersweg 98","Woonplaats":"Oenkerk","Postcode":"9062 EJ","Postcode1":"9062EJ","Land":"Nederland","Bezoekad_1":"http://geobusiness.nl/leden/rho-adviseurs-voor-leefruimte","Bezoekad_2":"","Website":"http://www.rho.nl/","Logo":"http://i1.webtr02.webtraders.nl/slir/w50-h50-q80/http://v2.sparqcms.com/dir_upload/blog/246ae2a4c832e39cb0f138e3daf6.jpg"},"popupTemplate":null},{"geometry":{"spatialReference":{"wkid":4326},"x":5.090535259000035,"y":52.06536905300004},"symbol":null,"attributes":{"OBJECTID":14,"BEDRIJF":"Capgemini","Postbus":"Postbus 2575","SingeLine":"","Bezoekadre":"Papendorpseweg 100","Woonplaats":"Utrecht","Postcode":"3528 BJ","Postcode1":"3528BJ","Land":"Nederland","Bezoekad_1":"http://geobusiness.nl/leden/capgemini","Bezoekad_2":"","Website":"http://www.nl.capgemini.com/","Logo":"http://i1.webtr02.webtraders.nl/slir/w50-h50-q80/http://v2.sparqcms.com/dir_upload/blog/b4c7d0cdd89f553a9eb161a05d19.jpg"},"popupTemplate":null},{"geometry":{"spatialReference":{"wkid":4326},"x":4.6878840319999995,"y":52.021167918},"symbol":null,"attributes":{"OBJECTID":15,"BEDRIJF":"Centric","Postbus":"Postbus 338","SingeLine":"","Bezoekadre":"Antwerpse weg 8","Woonplaats":"Gouda","Postcode":"2803 PB","Postcode1":"2803PB","Land":"Nederland","Bezoekad_1":"http://geobusiness.nl/leden/centric","Bezoekad_2":"","Website":"http://www.centric.eu/NL/Default.aspx","Logo":"http://i1.webtr02.webtraders.nl/slir/w50-h50-q80/http://v2.sparqcms.com/dir_upload/blog/ba8f49479493a47367efaaa80465.jpg"},"popupTemplate":null},{"geometry":{"spatialReference":{"wkid":4326},"x":5.277836862000015,"y":51.691953960000035},"symbol":null,"attributes":{"OBJECTID":17,"BEDRIJF":"Crotec B.V.","Postbus":"Postbus 2447","SingeLine":"","Bezoekadre":"Kooikersweg 2","Woonplaats":"s-Hertogenbosch","Postcode":"5223 KA","Postcode1":"5223KA","Land":"Nederland","Bezoekad_1":"http://geobusiness.nl/leden/crotec","Bezoekad_2":"","Website":"http://www.crotec.nl","Logo":"http://i1.webtr02.webtraders.nl/slir/w50-h50-q80/http://v2.sparqcms.com/dir_upload/blog/605fc329feea1abe182de8993f47.jpg"},"popupTemplate":null},{"geometry":{"spatialReference":{"wkid":4326},"x":5.259557052000048,"y":51.79433338200005},"symbol":null,"attributes":{"OBJECTID":18,"BEDRIJF":"CycloMedia","Postbus":"Postbus 2201","SingeLine":"","Bezoekadre":"Van Voordenpark 1b","Woonplaats":"Zaltbommel","Postcode":"5301 KP","Postcode1":"5301 KP","Land":"Nederland","Bezoekad_1":"http://geobusiness.nl/leden/cyclomedia","Bezoekad_2":"","Website":"http://www.cyclomedia.nl/","Logo":"http://i1.webtr02.webtraders.nl/slir/w50-h50-q80/http://v2.sparqcms.com/dir_upload/blog/f37716bb58bc306afa710f4f6a9b.jpg"},"popupTemplate":null},{"geometry":{"spatialReference":{"wkid":4326},"x":6.770818732999999,"y":52.28191901900004},"symbol":null,"attributes":{"OBJECTID":19,"BEDRIJF":"De Landmeetdienst","Postbus":"Wegtersweg 33b","SingeLine":"","Bezoekadre":"Wegtersweg 33b","Woonplaats":"Hengelo","Postcode":"7556 BP","Postcode1":"7556BP","Land":"Nederland","Bezoekad_1":"http://geobusiness.nl/leden/landmeetdienst","Bezoekad_2":"","Website":"http://www.landmeetdienst.nl/","Logo":"http://i1.webtr02.webtraders.nl/slir/w50-h50-q80/http://v2.sparqcms.com/dir_upload/blog/9a557314e0b05b335f6cfd815590.jpg"},"popupTemplate":null},{"geometry":{"spatialReference":{"wkid":4326},"x":4.251948243000015,"y":52.07072764600002},"symbol":null,"attributes":{"OBJECTID":22,"BEDRIJF":"Delta Marking","Postbus":"Postbus 43118","SingeLine":"","Bezoekadre":"Kamillestraat 13","Woonplaats":"Den Haag","Postcode":"2565 PZ","Postcode1":"2565PZ","Land":"Nederland","Bezoekad_1":"http://geobusiness.nl/leden/delta-marking","Bezoekad_2":"","Website":"http://www.deltamarking.nl/","Logo":"http://i1.webtr02.webtraders.nl/slir/w50-h50-q80/http://v2.sparqcms.com/dir_upload/blog/ce6ff4268fb459554840d8b0b466.jpg"},"popupTemplate":null},{"geometry":{"spatialReference":{"wkid":4326},"x":4.470386332000032,"y":52.16442847500002},"symbol":null,"attributes":{"OBJECTID":23,"BEDRIJF":"Airbus Defence and Space Netherlands B.V.","Postbus":"Postbus 32070","SingeLine":"2303 DB Leiden","Bezoekadre":"Mendelweg 30","Woonplaats":"Leiden","Postcode":"2333 CS","Postcode1":"2333CS","Land":"Nederland","Bezoekad_1":"http://geobusiness.nl/leden/airbus-defence-and-space-netherlands-bv","Bezoekad_2":"","Website":"http://www.airbusdefenceandspacenetherlands.nl/nl/","Logo":"http://i1.webtr02.webtraders.nl/slir/w50-h50-q80/http://v2.sparqcms.com/dir_upload/blog/9129d4bc193fc80cb4d47be40d02.jpg"},"popupTemplate":null},{"geometry":{"spatialReference":{"wkid":4326},"x":6.521503822,"y":53.24386536200001},"symbol":null,"attributes":{"OBJECTID":24,"BEDRIJF":"Duurt-PMC","Postbus":"Spijksterriet 24","SingeLine":"","Bezoekadre":"Spijksterriet 24","Woonplaats":"Groningen","Postcode":"9746 PJ","Postcode1":"9746PJ","Land":"Nederland","Bezoekad_1":"http://geobusiness.nl/leden/duurt-pmc","Bezoekad_2":"","Website":"https://www.linkedin.com/pub/duurt-zuidema/b/687/961","Logo":"http://i1.webtr02.webtraders.nl/slir/w50-h50-q80/http://v2.sparqcms.com/dir_upload/blog/a1d8fa3844145e1fdaf9bc4ec027.jpg"},"popupTemplate":null},{"geometry":{"spatialReference":{"wkid":4326},"x":4.469162740000002,"y":51.92334281800004},"symbol":null,"attributes":{"OBJECTID":25,"BEDRIJF":"Esri Nederland","Postbus":"Postbus 29020","SingeLine":"3001 GA Rotterdam","Bezoekadre":"Weena 695","Woonplaats":"Rotterdam","Postcode":"3013 AM","Postcode1":"3013AM","Land":"Nederland","Bezoekad_1":"http://geobusiness.nl/leden/esri-nederland","Bezoekad_2":"","Website":"http://www.esri.nl","Logo":"http://i1.webtr02.webtraders.nl/slir/w50-h50-q80/http://v2.sparqcms.com/dir_upload/blog/91a8c1b657d4fc04a8017e5ea4cc.jpg"},"popupTemplate":null},{"geometry":{"spatialReference":{"wkid":4326},"x":5.472922199000038,"y":51.44267230600002},"symbol":null,"attributes":{"OBJECTID":28,"BEDRIJF":"Falkplan-Andes Holding BV","Postbus":"","SingeLine":"5600 AT Eindhoven","Bezoekadre":"Fellenoord 310","Woonplaats":"Eindhoven","Postcode":"5611 ZD","Postcode1":"5611ZD","Land":"Nederland","Bezoekad_1":"http://geobusiness.nl/leden/andes","Bezoekad_2":"","Website":"http://www.andes.nl/servicelinks/over_andes.html","Logo":"http://i1.webtr02.webtraders.nl/slir/w50-h50-q80/http://v2.sparqcms.com/dir_upload/blog/9d371ce9ba4cd363c44ce3d00d5f.jpg"},"popupTemplate":null},{"geometry":{"spatialReference":{"wkid":4326},"x":4.405884658000048,"y":52.09632645200003},"symbol":null,"attributes":{"OBJECTID":29,"BEDRIJF":"Fugro GeoServices B.V.","Postbus":"Postbus 63","SingeLine":"","Bezoekadre":"Veurse Achterweg 10","Woonplaats":"LEIDSCHENDAM","Postcode":"2264 SG","Postcode1":"2264 SG","Land":"Nederland","Bezoekad_1":"http://geobusiness.nl/leden/fugro","Bezoekad_2":"","Website":"http://www.fugro.nl/","Logo":"http://i1.webtr02.webtraders.nl/slir/w50-h50-q80/http://v2.sparqcms.com/dir_upload/blog/5b093fcb606a93f033495549bf1c.jpg"},"popupTemplate":null},{"geometry":{"spatialReference":{"wkid":4326},"x":5.400173920000043,"y":51.400602426000034},"symbol":null,"attributes":{"OBJECTID":31,"BEDRIJF":"GEO Totaal BV","Postbus":"","SingeLine":"5504 PA Veldhoven","Bezoekadre":"Heiberg 15","Woonplaats":"Veldhoven","Postcode":"5504 PA","Postcode1":"5504PA","Land":"Nederland","Bezoekad_1":"http://geobusiness.nl/leden/geo-totaal-2","Bezoekad_2":"","Website":"http://www.geo-totaal.nl/","Logo":"http://i1.webtr02.webtraders.nl/slir/w50-h50-q80/http://v2.sparqcms.com/dir_upload/blog/8ae3010a767c8190de85a5376dca.jpg"},"popupTemplate":null},{"geometry":{"spatialReference":{"wkid":4326},"x":4.913109204000023,"y":52.342319238000016},"symbol":null,"attributes":{"OBJECTID":33,"BEDRIJF":"Geodan","Postbus":"President Kennedylaan 1","SingeLine":"","Bezoekadre":"President Kennedylaan 1","Woonplaats":"Amsterdam","Postcode":"1079 MB","Postcode1":"1079MB","Land":"Nederland","Bezoekad_1":"http://geobusiness.nl/leden/geodan","Bezoekad_2":"","Website":"http://www.geodan.nl","Logo":"http://i1.webtr02.webtraders.nl/slir/w50-h50-q80/http://v2.sparqcms.com/dir_upload/blog/78cda555c6bf67969fa6f8c4e3e2.jpg"},"popupTemplate":null},{"geometry":{"spatialReference":{"wkid":4326},"x":6.923574285000029,"y":52.302059853},"symbol":null,"attributes":{"OBJECTID":34,"BEDRIJF":"Geofox Lexmond","Postbus":"Postbus 221","SingeLine":"","Bezoekadre":"Eektestraat 10-12","Woonplaats":"Oldenzaal","Postcode":"7575 AP","Postcode1":"7575AP","Land":"Nederland","Bezoekad_1":"http://geobusiness.nl/leden/geofox-lexmond","Bezoekad_2":"","Website":"http://www.geofox-lexmond.nl/","Logo":"http://i1.webtr02.webtraders.nl/slir/w50-h50-q80/http://v2.sparqcms.com/dir_upload/blog/601a08fa58531819d94765b42287.jpg"},"popupTemplate":null},{"geometry":{"spatialReference":{"wkid":4326},"x":6.4839426330000265,"y":53.21997713900004},"symbol":null,"attributes":{"OBJECTID":35,"BEDRIJF":"Geomaat","Postbus":"Postbus 2308","SingeLine":"","Bezoekadre":"Aduarderdiepsterweg 14-II","Woonplaats":"Groningen","Postcode":"9745 EM","Postcode1":"9745EM","Land":"Nederland","Bezoekad_1":"http://geobusiness.nl/leden/geomaat","Bezoekad_2":"","Website":"http://www.geomaat.nl/","Logo":"http://i1.webtr02.webtraders.nl/slir/w50-h50-q80/http://v2.sparqcms.com/dir_upload/blog/c6cc457c3d614ae9f3b380f3c1fb.jpg"},"popupTemplate":null},{"geometry":{"spatialReference":{"wkid":4326},"x":4.6299143400000276,"y":52.133083596000006},"symbol":null,"attributes":{"OBJECTID":37,"BEDRIJF":"Geometius","Postbus":"Maatschapslaan 33","SingeLine":"","Bezoekadre":"Maatschapslaan 33","Woonplaats":"Alpen aan den Rijn","Postcode":"2404 CL","Postcode1":"2404 CL","Land":"Nederland","Bezoekad_1":"http://geobusiness.nl/leden/geometius","Bezoekad_2":"","Website":"http://www.geometius.nl/","Logo":"http://i1.webtr02.webtraders.nl/slir/w50-h50-q80/http://v2.sparqcms.com/dir_upload/blog/37a10a1c3fb913ea9cc741fd2288.jpg"},"popupTemplate":null},{"geometry":{"spatialReference":{"wkid":4326},"x":6.036263812000016,"y":51.12368375700004},"symbol":null,"attributes":{"OBJECTID":38,"BEDRIJF":"Geomij","Postbus":"Raadhuisstraat 42","SingeLine":"","Bezoekadre":"Raadhuisstraat 42","Woonplaats":"Posterholt","Postcode":"6061 EA","Postcode1":"6061EA","Land":"Nederland","Bezoekad_1":"http://geobusiness.nl/leden/geomij","Bezoekad_2":"","Website":"http://www.geomij.nl/","Logo":"http://i1.webtr02.webtraders.nl/slir/w50-h50-q80/http://v2.sparqcms.com/dir_upload/blog/7119f4fdb64706e9f7aaacc46e73.jpg"},"popupTemplate":null},{"geometry":{"spatialReference":{"wkid":4326},"x":4.812113226000008,"y":52.45266307400004},"symbol":null,"attributes":{"OBJECTID":39,"BEDRIJF":"Geospatial Media and Communicationa BV","Postbus":"Frans Halsstraat 25","SingeLine":"","Bezoekadre":"Frans Halsstraat 25","Woonplaats":"Zaandam","Postcode":"1506 LC","Postcode1":"1506LC","Land":"Nederland","Bezoekad_1":"http://geobusiness.nl/leden/geospatial-world-forum","Bezoekad_2":"","Website":"http://www.geospatialmedia.net/","Logo":"http://i1.webtr02.webtraders.nl/slir/w50-h50-q80/http://v2.sparqcms.com/dir_upload/blog/756bc186d17eee1deea145be9e67.jpg"},"popupTemplate":null},{"geometry":{"spatialReference":{"wkid":4326},"x":5.275857866000024,"y":51.87834847900001},"symbol":null,"attributes":{"OBJECTID":40,"BEDRIJF":"GeoTax Beheer BV","Postbus":"Oudenhof 16","SingeLine":"","Bezoekadre":"Oudenhof 16","Woonplaats":"Geldermalsen","Postcode":"4191 NW","Postcode1":"4191NW","Land":"Nederland","Bezoekad_1":"http://geobusiness.nl/leden/geotax","Bezoekad_2":"","Website":"http://www.geotax.nl/","Logo":"http://i1.webtr02.webtraders.nl/slir/w50-h50-q80/http://v2.sparqcms.com/dir_upload/blog/cae4f68e35206f533d839b84be7b.jpg"},"popupTemplate":null},{"geometry":{"spatialReference":{"wkid":4326},"x":4.984636115000001,"y":51.85235761500002},"symbol":null,"attributes":{"OBJECTID":41,"BEDRIJF":"Geovisie","Postbus":"Kolk 7","SingeLine":"","Bezoekadre":"Kolk 7","Woonplaats":"Arkel","Postcode":"4241 TH","Postcode1":"4241TH","Land":"Nederland","Bezoekad_1":"http://geobusiness.nl/leden/geovisie","Bezoekad_2":"","Website":"http://www.geovisie.nl/","Logo":"http://i1.webtr02.webtraders.nl/slir/w50-h50-q80/http://v2.sparqcms.com/dir_upload/blog/eae75c02f1a2165570321c0a1107.jpg"},"popupTemplate":null},{"geometry":{"spatialReference":{"wkid":4326},"x":5.778056713000012,"y":52.710510501000044},"symbol":null,"attributes":{"OBJECTID":42,"BEDRIJF":"GIS Magazineeeeeeeee","Postbus":"Postbus 231","SingeLine":"","Bezoekadre":"Duit 2","Woonplaats":"Emmeloord","Postcode":"8305 BB","Postcode1":"8305 BB","Land":"Nederland","Bezoekad_1":"http://geobusiness.nl/leden/gis-magazine","Bezoekad_2":"","Website":"http://www.gismagazine.nl/","Logo":"http://i1.webtr02.webtraders.nl/slir/w50-h50-q80/http://v2.sparqcms.com/dir_upload/blog/3526abeb7c9b8160655993295a7a.jpg"},"popupTemplate":null},{"geometry":{"spatialReference":{"wkid":4326},"x":6.16973863100003,"y":52.253323248000015},"symbol":null,"attributes":{"OBJECTID":44,"BEDRIJF":"DAT.Mobility","Postbus":"Postbus 161","SingeLine":"7400 AD Deventer","Bezoekadre":"Snipperlingsdijk 4","Woonplaats":"Deventer","Postcode":"7417 BJ","Postcode1":"7417BJ","Land":"Nederland","Bezoekad_1":"http://geobusiness.nl/leden/datmobility","Bezoekad_2":"","Website":"http://www.dat.nl/nl/","Logo":"http://i1.webtr02.webtraders.nl/slir/w50-h50-q80/http://v2.sparqcms.com/dir_upload/blog/f1df2393724b97cd11092a953fe9.jpg"},"popupTemplate":null},{"geometry":{"spatialReference":{"wkid":4326},"x":5.197277335000024,"y":52.10356993300002},"symbol":null,"attributes":{"OBJECTID":45,"BEDRIJF":"Grontmij Nederland","Postbus":"Postbus 203","SingeLine":"","Bezoekadre":"De Holle Bilt 22","Woonplaats":"De Bilt","Postcode":"3732 HM","Postcode1":"3732HM","Land":"Nederland","Bezoekad_1":"http://geobusiness.nl/leden/grontmij","Bezoekad_2":"","Website":"http://www.grontmij.nl/","Logo":"http://i1.webtr02.webtraders.nl/slir/w50-h50-q80/http://v2.sparqcms.com/dir_upload/blog/641179f086ca7ebc1d423abf4bb4.jpg"},"popupTemplate":null},{"geometry":{"spatialReference":{"wkid":4326},"x":4.56278067300002,"y":51.95802019900003},"symbol":null,"attributes":{"OBJECTID":47,"BEDRIJF":"Imagem","Postbus":"Barbizonlaan 1","SingeLine":"","Bezoekadre":"Barbizonlaan 1","Woonplaats":"Capelle aan den IJssel","Postcode":"2908 MA","Postcode1":"2908MA","Land":"Nederland","Bezoekad_1":"http://geobusiness.nl/leden/imagem","Bezoekad_2":"","Website":"http://www.imagem.nl/","Logo":"http://i1.webtr02.webtraders.nl/slir/w50-h50-q80/http://v2.sparqcms.com/dir_upload/blog/9381c41587e5bc7a5dc4a501940e.jpg"},"popupTemplate":null},{"geometry":{"spatialReference":{"wkid":4326},"x":4.841246789000024,"y":51.588756735000004},"symbol":null,"attributes":{"OBJECTID":48,"BEDRIJF":"Cyient","Postbus":"Minervum 7491","SingeLine":"4817 ZP Breda","Bezoekadre":"Minervum 7491","Woonplaats":"Breda","Postcode":"4817 ZP","Postcode1":"4817ZP","Land":"Nederland","Bezoekad_1":"http://geobusiness.nl/leden/cyient","Bezoekad_2":"","Website":"http:// www.cyient.com","Logo":"http://i1.webtr02.webtraders.nl/slir/w50-h50-q80/http://v2.sparqcms.com/dir_upload/blog/a9541f32533be89fdf84ab7b168f.jpg"},"popupTemplate":null},{"geometry":{"spatialReference":{"wkid":4326},"x":4.711807252000028,"y":52.29174188000002},"symbol":null,"attributes":{"OBJECTID":49,"BEDRIJF":"Intergraph Benelux","Postbus":"Postbus 333","SingeLine":"","Bezoekadre":"Siriusdreef 2a","Woonplaats":"Hoofddorp","Postcode":"2132 WT","Postcode1":"2132WT","Land":"Nederland","Bezoekad_1":"http://geobusiness.nl/leden/intergraph-benelux","Bezoekad_2":"","Website":"http://www.intergraph.com/global/nl/","Logo":"http://i1.webtr02.webtraders.nl/slir/w50-h50-q80/http://v2.sparqcms.com/dir_upload/blog/32ae161243b2fb24dfa35523a674.jpg"},"popupTemplate":null},{"geometry":{"spatialReference":{"wkid":4326},"x":4.677035614000033,"y":51.838185091000014},"symbol":null,"attributes":{"OBJECTID":51,"BEDRIJF":"Iv-Groep bv","Postbus":"Postbus 1155","SingeLine":"","Bezoekadre":"Noordhoek 37","Woonplaats":"Papendrecht","Postcode":"3351 LD","Postcode1":"3351LD","Land":"Nederland","Bezoekad_1":"http://geobusiness.nl/leden/iv-infra","Bezoekad_2":"","Website":"http://www.iv-groep.nl/nl/iv-bedrijven/iv-infra.html","Logo":"http://i1.webtr02.webtraders.nl/slir/w50-h50-q80/http://v2.sparqcms.com/dir_upload/blog/7c2621b7244c3117d8bbbb8354d2.jpg"},"popupTemplate":null},{"geometry":{"spatialReference":{"wkid":4326},"x":5.808775764000018,"y":51.912525480000056},"symbol":null,"attributes":{"OBJECTID":52,"BEDRIJF":"Kempkes Landmeten","Postbus":"Kloosterstraat 9","SingeLine":"","Bezoekadre":"Kloosterstraat 9","Woonplaats":"Elst","Postcode":"6662 NA","Postcode1":"6662NA","Land":"Nederland","Bezoekad_1":"http://geobusiness.nl/leden/kempkes-landmeten","Bezoekad_2":"","Website":"http://www.landmeten.nl/","Logo":"http://i1.webtr02.webtraders.nl/slir/w50-h50-q80/http://v2.sparqcms.com/dir_upload/blog/1915b8316290e073b88191de20a2.jpg"},"popupTemplate":null},{"geometry":{"spatialReference":{"wkid":4326},"x":4.44149015000005,"y":51.82765192300002},"symbol":null,"attributes":{"OBJECTID":53,"BEDRIJF":"KEN infra","Postbus":"Postbus 1609","SingeLine":"","Bezoekadre":"Alexander Bellstraat 14","Woonplaats":"Oud-Beijerland","Postcode":"3261 LX","Postcode1":"3261LX","Land":"Nederland","Bezoekad_1":"http://geobusiness.nl/leden/ken-infra","Bezoekad_2":"","Website":"http://www.ken.nl/engineering/infra.html","Logo":"http://i1.webtr02.webtraders.nl/slir/w50-h50-q80/http://v2.sparqcms.com/dir_upload/blog/6067a0f7c7017214b2ef7d179cd5.jpg"},"popupTemplate":null},{"geometry":{"spatialReference":{"wkid":4326},"x":4.350315437000006,"y":52.067630818000055},"symbol":null,"attributes":{"OBJECTID":54,"BEDRIJF":"Koninklijke KPN N.V.","Postbus":"Postbus 30000","SingeLine":"","Bezoekadre":"Maanplein 55","Woonplaats":"Den Haag","Postcode":"2516 CK","Postcode1":"2516CK","Land":"Nederland","Bezoekad_1":"http://geobusiness.nl/leden/kpn","Bezoekad_2":"","Website":"http://www.kpn.com/","Logo":"http://i1.webtr02.webtraders.nl/slir/w50-h50-q80/http://v2.sparqcms.com/dir_upload/blog/02f70288ac846758005bc2762685.jpg"},"popupTemplate":null},{"geometry":{"spatialReference":{"wkid":4326},"x":5.9625647040000445,"y":51.181339329000025},"symbol":null,"attributes":{"OBJECTID":55,"BEDRIJF":"Kragten","Postbus":"Postbus 14","SingeLine":"","Bezoekadre":"Schoolstraat 8","Woonplaats":"Herten","Postcode":"6049 AA","Postcode1":"6049AA","Land":"Nederland","Bezoekad_1":"http://geobusiness.nl/leden/kragten","Bezoekad_2":"","Website":"http://www.kragten.nl/","Logo":"http://i1.webtr02.webtraders.nl/slir/w50-h50-q80/http://v2.sparqcms.com/dir_upload/blog/89f37136504d11c8d8c6b41f3fd5.jpg"},"popupTemplate":null},{"geometry":{"spatialReference":{"wkid":4326},"x":4.338034855000046,"y":52.04264201900003},"symbol":null,"attributes":{"OBJECTID":56,"BEDRIJF":"LNR Globalcom","Postbus":"Verrijn Stuartlaan 1a","SingeLine":"","Bezoekadre":"Verrijn Stuartlaan 1a","Woonplaats":"Rijswijk","Postcode":"2288 EK","Postcode1":"2288 EK","Land":"Nederland","Bezoekad_1":"http://geobusiness.nl/leden/lnr-globalcom","Bezoekad_2":"","Website":"http://www.lnrglobalcom.nl/site/home.html","Logo":"http://i1.webtr02.webtraders.nl/slir/w50-h50-q80/http://v2.sparqcms.com/dir_upload/blog/dfca645bff867538bbe2c3bb1d66.jpg"},"popupTemplate":null},{"geometry":{"spatialReference":{"wkid":4326},"x":6.612717059000033,"y":53.210889380000026},"symbol":null,"attributes":{"OBJECTID":59,"BEDRIJF":"Medusa Explorations","Postbus":"Postbus 623","SingeLine":"","Bezoekadre":"Verlengde Bremenweg 4","Woonplaats":"Groningen","Postcode":"9723 JV","Postcode1":"9723JV","Land":"Nederland","Bezoekad_1":"http://geobusiness.nl/leden/medusa","Bezoekad_2":"","Website":"http://www.medusa-online.com/","Logo":"http://i1.webtr02.webtraders.nl/slir/w50-h50-q80/http://v2.sparqcms.com/dir_upload/blog/f011cf7c5388bc78c9f2baf6f2b4.jpg"},"popupTemplate":null},{"geometry":{"spatialReference":{"wkid":4326},"x":5.839778696000053,"y":51.877114398},"symbol":null,"attributes":{"OBJECTID":61,"BEDRIJF":"Meten in Beelden","Postbus":"Oktaviastraat 11","SingeLine":"","Bezoekadre":"Oktaviastraat 11","Woonplaats":"Nijmegen","Postcode":"6515 CM","Postcode1":"6515CM","Land":"Nederland","Bezoekad_1":"http://geobusiness.nl/leden/meten-in-beelden","Bezoekad_2":"","Website":"http://www.meteninbeelden.nl/Site/Mib.html","Logo":"http://i1.webtr02.webtraders.nl/slir/w50-h50-q80/http://v2.sparqcms.com/dir_upload/blog/c8c19fd0c8fbd2ae1389660f1d60.jpg"},"popupTemplate":null},{"geometry":{"spatialReference":{"wkid":4326},"x":6.905816057000038,"y":52.295362048000015},"symbol":null,"attributes":{"OBJECTID":62,"BEDRIJF":"Metrica","Postbus":"Deventerstraat 9","SingeLine":"","Bezoekadre":"Deventerstraat 9","Woonplaats":"Oldenzaal","Postcode":"7575 EM","Postcode1":"7575EM","Land":"Nederland","Bezoekad_1":"http://geobusiness.nl/leden/metrica","Bezoekad_2":"","Website":"http://www.metrica.nl/site/","Logo":"http://i1.webtr02.webtraders.nl/slir/w50-h50-q80/http://v2.sparqcms.com/dir_upload/blog/5ceac3131c24e68476ea4e90ec66.jpg"},"popupTemplate":null},{"geometry":{"spatialReference":{"wkid":4326},"x":6.371574848000023,"y":53.180731758000036},"symbol":null,"attributes":{"OBJECTID":64,"BEDRIJF":"MUG Ingenieursbureau","Postbus":"Postbus 136","SingeLine":"","Bezoekadre":"Zernikelaan 8","Woonplaats":"Leek","Postcode":"9351 VA","Postcode1":"9351VA","Land":"Nederland","Bezoekad_1":"http://geobusiness.nl/leden/mug","Bezoekad_2":"","Website":"http://www.mug.nl/","Logo":"http://i1.webtr02.webtraders.nl/slir/w50-h50-q80/http://v2.sparqcms.com/dir_upload/blog/329f17da52f734492e74bdc8e1f6.jpg"},"popupTemplate":null},{"geometry":{"spatialReference":{"wkid":4326},"x":5.0798525380000115,"y":52.027740531000006},"symbol":null,"attributes":{"OBJECTID":65,"BEDRIJF":"Nazca IT Solutions BV","Postbus":"Weverstede 17A","SingeLine":"","Bezoekadre":"Weverstede 17A","Woonplaats":"Nieuwegein","Postcode":"3431 JS","Postcode1":"3431JS","Land":"Nederland","Bezoekad_1":"http://geobusiness.nl/leden/nazca-it-solutions","Bezoekad_2":"","Website":"http://www.nazcaportal.nl/","Logo":"http://i1.webtr02.webtraders.nl/slir/w50-h50-q80/http://v2.sparqcms.com/dir_upload/blog/2321e38a0bd78b2beb21fd76aaeb.jpg"},"popupTemplate":null},{"geometry":{"spatialReference":{"wkid":4326},"x":5.097223231000044,"y":51.97619158200001},"symbol":null,"attributes":{"OBJECTID":66,"BEDRIJF":"NedGraphics","Postbus":"Laanakkerweg 6","SingeLine":"","Bezoekadre":"Laanakkerweg 6","Woonplaats":"Vianen","Postcode":"4131 PA","Postcode1":"4131 PA","Land":"Nederland","Bezoekad_1":"http://geobusiness.nl/leden/nedgraphics","Bezoekad_2":"","Website":"http://www.nedgraphics.nl/","Logo":"http://i1.webtr02.webtraders.nl/slir/w50-h50-q80/http://v2.sparqcms.com/dir_upload/blog/43d78ceba8f797927f6781bab41a.jpg"},"popupTemplate":null},{"geometry":{"spatialReference":{"wkid":4326},"x":5.383152051000025,"y":52.15310084800001},"symbol":null,"attributes":{"OBJECTID":67,"BEDRIJF":"NEO","Postbus":"Postbus 2176","SingeLine":"","Bezoekadre":"Utrechtseweg 3e","Woonplaats":"Amersfoort","Postcode":"3811 NA","Postcode1":"3811NA","Land":"Nederland","Bezoekad_1":"http://geobusiness.nl/leden/neo","Bezoekad_2":"","Website":"http://www.neo.nl/","Logo":"http://i1.webtr02.webtraders.nl/slir/w50-h50-q80/http://v2.sparqcms.com/dir_upload/blog/f55a2af9b3d99e547a4e169c48df.jpg"},"popupTemplate":null},{"geometry":{"spatialReference":{"wkid":4326},"x":5.680148910000014,"y":51.965889151000056},"symbol":null,"attributes":{"OBJECTID":68,"BEDRIJF":"Nieuwland Geo-Informatie","Postbus":"Postbus 522","SingeLine":"","Bezoekadre":"Hesselink van Suchtelenweg 4","Woonplaats":"Wageningen","Postcode":"6703 CT","Postcode1":"6703CT","Land":"Nederland","Bezoekad_1":"http://geobusiness.nl/leden/nieuwland","Bezoekad_2":"","Website":"http://www.nieuwland.nl/","Logo":"http://i1.webtr02.webtraders.nl/slir/w50-h50-q80/http://v2.sparqcms.com/dir_upload/blog/adbb70b1d2566b3b3dad6a8b9bde.jpg"},"popupTemplate":null},{"geometry":{"spatialReference":{"wkid":4326},"x":5.945850643000028,"y":52.94223017400003},"symbol":null,"attributes":{"OBJECTID":71,"BEDRIJF":"Antea Group","Postbus":"Postbus 24","SingeLine":"8440 AA Heerenveen","Bezoekadre":"Tolhuisweg 57","Woonplaats":"Heerenveen","Postcode":"8443 DV","Postcode1":"8443DV","Land":"Nederland","Bezoekad_1":"http://geobusiness.nl/leden/antea-group","Bezoekad_2":"","Website":"http://www.anteagroup.nl/nl","Logo":"http://i1.webtr02.webtraders.nl/slir/w50-h50-q80/http://v2.sparqcms.com/dir_upload/blog/c294a6a0427ef7e3572650fbdbaa.jpg"},"popupTemplate":null},{"geometry":{"spatialReference":{"wkid":4326},"x":4.809503437000046,"y":52.32989354900002},"symbol":null,"attributes":{"OBJECTID":74,"BEDRIJF":"PL Maatvoering","Postbus":"Nieuwemeerdijk 251","SingeLine":"","Bezoekadre":"Nieuwemeerdijk 251","Woonplaats":"Badhoevedorp","Postcode":"1171 NN","Postcode1":"1171NN","Land":"Nederland","Bezoekad_1":"http://geobusiness.nl/leden/pl-maatvoering","Bezoekad_2":"","Website":"http://www.plmaatvoering.nl/","Logo":"http://i1.webtr02.webtraders.nl/slir/w50-h50-q80/http://v2.sparqcms.com/dir_upload/blog/fb42725bd1e1db7cab21f5838eda.jpg"},"popupTemplate":null},{"geometry":{"spatialReference":{"wkid":4326},"x":5.500194321000038,"y":52.21529193700002},"symbol":null,"attributes":{"OBJECTID":75,"BEDRIJF":"Prisma meten en uitzetten","Postbus":"Postbus 1161","SingeLine":"","Bezoekadre":"Paasbosweg 8","Woonplaats":"Nijkerk","Postcode":"3862 ZS","Postcode1":"3862ZS","Land":"Nederland","Bezoekad_1":"http://geobusiness.nl/leden/prisma-meten","Bezoekad_2":"","Website":"http://www.prisma-meten.nl/home/prisma_home.html","Logo":"http://i1.webtr02.webtraders.nl/slir/w50-h50-q80/http://v2.sparqcms.com/dir_upload/blog/18c9e22beb3f3534a6c50c3104bd.jpg"},"popupTemplate":null},{"geometry":{"spatialReference":{"wkid":4326},"x":5.207880841000019,"y":51.945004176000054},"symbol":null,"attributes":{"OBJECTID":77,"BEDRIJF":"Realworld Systems","Postbus":"Venusstraat 17","SingeLine":"","Bezoekadre":"Venusstraat 17","Woonplaats":"Culemburg","Postcode":"4105 JH","Postcode1":"4105JH","Land":"Nederland","Bezoekad_1":"http://geobusiness.nl/leden/realworld-systems","Bezoekad_2":"","Website":"http://www.realworld-systems.com/","Logo":"http://i1.webtr02.webtraders.nl/slir/w50-h50-q80/http://v2.sparqcms.com/dir_upload/blog/8db93e1816131815750f5d5e7648.jpg"},"popupTemplate":null},{"geometry":{"spatialReference":{"wkid":4326},"x":4.705639296000015,"y":52.29754338400005},"symbol":null,"attributes":{"OBJECTID":78,"BEDRIJF":"Rolta Benelux","Postbus":"Postbus 190","SingeLine":"","Bezoekadre":"Jupiterstraat 96","Woonplaats":"Hoofddorp","Postcode":"2132 HE","Postcode1":"2132HE","Land":"Nederland","Bezoekad_1":"http://geobusiness.nl/leden/rolta","Bezoekad_2":"","Website":"http://www.rolta.com/","Logo":"http://i1.webtr02.webtraders.nl/slir/w50-h50-q80/http://v2.sparqcms.com/dir_upload/blog/46508a8e91096b675891c7ecf0e7.jpg"},"popupTemplate":null},{"geometry":{"spatialReference":{"wkid":4326},"x":5.368156983000006,"y":52.133766268000045},"symbol":null,"attributes":{"OBJECTID":79,"BEDRIJF":"Royal HaskoningDHV","Postbus":"Postbus 1132","SingeLine":"","Bezoekadre":"Laan 1914 nr. 35","Woonplaats":"Amersfoort","Postcode":"3818 EX","Postcode1":"3818EX","Land":"Nederland","Bezoekad_1":"http://geobusiness.nl/leden/royal-haskoningdhv","Bezoekad_2":"","Website":"http://www.royalhaskoningdhv.com/","Logo":"http://i1.webtr02.webtraders.nl/slir/w50-h50-q80/http://v2.sparqcms.com/dir_upload/blog/5e62169c7d94111ecacab6ed9d2f.jpg"},"popupTemplate":null},{"geometry":{"spatialReference":{"wkid":4326},"x":4.381933306999997,"y":51.996366375000036},"symbol":null,"attributes":{"OBJECTID":80,"BEDRIJF":"RPS advies- en ingenieursbureau bv","Postbus":"Postbus 5094","SingeLine":"","Bezoekadre":"Elektronicaweg 2","Woonplaats":"Delft","Postcode":"2628 XG","Postcode1":"2628XG","Land":"Nederland","Bezoekad_1":"http://geobusiness.nl/leden/rps","Bezoekad_2":"","Website":"http://www.rps.nl/","Logo":"http://i1.webtr02.webtraders.nl/slir/w50-h50-q80/http://v2.sparqcms.com/dir_upload/blog/2a3ce55a7279f65f3c2c36da6a99.jpg"},"popupTemplate":null},{"geometry":{"spatialReference":{"wkid":4326},"x":4.763414855000008,"y":51.81964941700005},"symbol":null,"attributes":{"OBJECTID":82,"BEDRIJF":"Saricon","Postbus":"Postbus 92","SingeLine":"","Bezoekadre":"Industrieweg 24","Woonplaats":"Sliedrecht","Postcode":"3361 HJ","Postcode1":"3361HJ","Land":"Nederland","Bezoekad_1":"http://geobusiness.nl/leden/saricon","Bezoekad_2":"","Website":"http://www.saricon.nl/","Logo":"http://i1.webtr02.webtraders.nl/slir/w50-h50-q80/http://v2.sparqcms.com/dir_upload/blog/eb713521a0407e09ea0f7dbdec2d.jpg"},"popupTemplate":null},{"geometry":{"spatialReference":{"wkid":4326},"x":6.045790999000019,"y":52.239751789000024},"symbol":null,"attributes":{"OBJECTID":83,"BEDRIJF":"Slagboom en Peeters Luchtfotografie","Postbus":"De Zanden 9","SingeLine":"","Bezoekadre":"De Zanden 9","Woonplaats":"Teuge","Postcode":"7395 PA","Postcode1":"7395PA","Land":"Nederland","Bezoekad_1":"http://geobusiness.nl/leden/slagboom-en-peeters","Bezoekad_2":"","Website":"http://www.slagboomenpeeters.com/","Logo":"http://i1.webtr02.webtraders.nl/slir/w50-h50-q80/http://v2.sparqcms.com/dir_upload/blog/f4e8d922fb1a7ad03624ca33f56f.jpg"},"popupTemplate":null},{"geometry":{"spatialReference":{"wkid":4326},"x":6.378997218000052,"y":53.18301803000003},"symbol":null,"attributes":{"OBJECTID":85,"BEDRIJF":"Stroop raadgevende ingenieurs BV","Postbus":"Postbus 46","SingeLine":"","Bezoekadre":"Lorentzpark 20","Woonplaats":"Leek","Postcode":"9351 VJ","Postcode1":"9351VJ","Land":"Nederland","Bezoekad_1":"http://geobusiness.nl/leden/stroop-raadgevende-ingenieurs-bv","Bezoekad_2":"","Website":"http://www.stroopri.nl/","Logo":"http://i1.webtr02.webtraders.nl/slir/w50-h50-q80/http://v2.sparqcms.com/dir_upload/blog/c8bf10ff9c6923f98d1f0516f504.jpg"},"popupTemplate":null},{"geometry":{"spatialReference":{"wkid":4326},"x":5.053843715000028,"y":52.124159389000056},"symbol":null,"attributes":{"OBJECTID":86,"BEDRIJF":"Strukton Rail","Postbus":"Postbus 1025","SingeLine":"","Bezoekadre":"Kanaaldijk 18","Woonplaats":"UTRECHT","Postcode":"3542 AP","Postcode1":"3542AP","Land":"Nederland","Bezoekad_1":"http://geobusiness.nl/leden/strukton-rail","Bezoekad_2":"","Website":"http://www.struktonrail.nl/nl-nl/Pages/HomePage.aspx","Logo":"http://i1.webtr02.webtraders.nl/slir/w50-h50-q80/http://v2.sparqcms.com/dir_upload/blog/16392567253557c05b1ca4f86715.jpg"},"popupTemplate":null},{"geometry":{"spatialReference":{"wkid":4326},"x":4.49134110600005,"y":52.16416421900004},"symbol":null,"attributes":{"OBJECTID":87,"BEDRIJF":"SWIS BV","Postbus":"3e Binnenvestgracht 23G","SingeLine":"","Bezoekadre":"3e Binnenvestgracht 23G","Woonplaats":"Leiden","Postcode":"2312 NR","Postcode1":"2312NR","Land":"Nederland","Bezoekad_1":"http://geobusiness.nl/leden/swis","Bezoekad_2":"","Website":"http://www.swis.nl/","Logo":"http://i1.webtr02.webtraders.nl/slir/w50-h50-q80/http://v2.sparqcms.com/dir_upload/blog/8df27e8e41fec96e3b2e78ac0bf1.jpg"},"popupTemplate":null},{"geometry":{"spatialReference":{"wkid":4326},"x":6.46742225600002,"y":52.71902015400002},"symbol":null,"attributes":{"OBJECTID":92,"BEDRIJF":"TerraCarta","Postbus":"Postbus 135","SingeLine":"","Bezoekadre":"Schutstraat 189","Woonplaats":"Hoogeveen","Postcode":"7907 CE","Postcode1":"7907CE","Land":"Nederland","Bezoekad_1":"http://geobusiness.nl/leden/terracarta","Bezoekad_2":"","Website":"http://www.graafschade.nl/","Logo":"http://i1.webtr02.webtraders.nl/slir/w50-h50-q80/http://v2.sparqcms.com/dir_upload/blog/f6f876b49f67b33f42c252ee2511.jpg"},"popupTemplate":null},{"geometry":{"spatialReference":{"wkid":4326},"x":5.166449777000025,"y":52.088630110000054},"symbol":null,"attributes":{"OBJECTID":94,"BEDRIJF":"TNO Bouw en Ondergrond","Postbus":"Postbus 80015","SingeLine":"3508 TA Utrecht","Bezoekadre":"Princetonlaan 6","Woonplaats":"Utrecht","Postcode":"3584 CB","Postcode1":"3584CB","Land":"Nederland","Bezoekad_1":"http://geobusiness.nl/leden/tno-geologische-dienst-nederland","Bezoekad_2":"","Website":"http://www.tno.nl/","Logo":"http://i1.webtr02.webtraders.nl/slir/w50-h50-q80/http://v2.sparqcms.com/dir_upload/blog/d72f281bc460f466ef8af8d95677.jpg"},"popupTemplate":null},{"geometry":{"spatialReference":{"wkid":4326},"x":5.364398090000009,"y":52.232043315000055},"symbol":null,"attributes":{"OBJECTID":95,"BEDRIJF":"TOPCON SOKKIA NEDERLAND","Postbus":"Postbus 145","SingeLine":"","Bezoekadre":"De Kronkels 14","Woonplaats":"Bunschoten","Postcode":"3752 LM","Postcode1":"3752LM","Land":"Nederland","Bezoekad_1":"http://geobusiness.nl/leden/topcon","Bezoekad_2":"","Website":"http://www.sokkia.nl/","Logo":"http://i1.webtr02.webtraders.nl/slir/w50-h50-q80/http://v2.sparqcms.com/dir_upload/blog/811aebe1b757a3a184aea8acfd00.jpg"},"popupTemplate":null},{"geometry":{"spatialReference":{"wkid":4326},"x":5.093337668000004,"y":51.894141004000005},"symbol":null,"attributes":{"OBJECTID":96,"BEDRIJF":"Transfer Solutions","Postbus":"Stationsweg 19","SingeLine":"","Bezoekadre":"Stationsweg 19","Woonplaats":"Leerdam","Postcode":"4141 HB","Postcode1":"4141HB","Land":"Nederland","Bezoekad_1":"http://geobusiness.nl/leden/transfer-solutions","Bezoekad_2":"","Website":"http://www.transfer-solutions.com/","Logo":"http://i1.webtr02.webtraders.nl/slir/w50-h50-q80/http://v2.sparqcms.com/dir_upload/blog/9aae0703ff0c86578ebdd68e417b.jpg"},"popupTemplate":null},{"geometry":{"spatialReference":{"wkid":4326},"x":6.151012885,"y":52.256176639000046},"symbol":null,"attributes":{"OBJECTID":97,"BEDRIJF":"TTE Consultants","Postbus":"Keizerstraat 16","SingeLine":"","Bezoekadre":"Keizerstraat 16","Woonplaats":"Deventer","Postcode":"7411 HH","Postcode1":"7411 HH","Land":"Nederland","Bezoekad_1":"http://geobusiness.nl/leden/tte-consultants","Bezoekad_2":"","Website":"http://engineers.nl/cms/","Logo":"http://i1.webtr02.webtraders.nl/slir/w50-h50-q80/http://v2.sparqcms.com/dir_upload/blog/7d8789bcff187c06b848e3165f94.jpg"},"popupTemplate":null},{"geometry":{"spatialReference":{"wkid":4326},"x":5.139596830000016,"y":52.02935584300002},"symbol":null,"attributes":{"OBJECTID":98,"BEDRIJF":"Van Steenis Geodesie","Postbus":"Postbus 381","SingeLine":"","Bezoekadre":"Ringveste 7b","Woonplaats":"Houten","Postcode":"3992 DD","Postcode1":"3992DD","Land":"Nederland","Bezoekad_1":"http://geobusiness.nl/leden/van-steenis-geodesie","Bezoekad_2":"","Website":"http://www.vansteenis.nl/","Logo":"http://i1.webtr02.webtraders.nl/slir/w50-h50-q80/http://v2.sparqcms.com/dir_upload/blog/d1f489212f3b1cbaa78bd3cd6a84.jpg"},"popupTemplate":null},{"geometry":{"spatialReference":{"wkid":4326},"x":5.955610328000034,"y":51.975304729000015},"symbol":null,"attributes":{"OBJECTID":100,"BEDRIJF":"VGI-Support","Postbus":"Vlamoven 34","SingeLine":"","Bezoekadre":"Viamoven 34","Woonplaats":"Arnhem","Postcode":"6826 TN","Postcode1":"6826TN","Land":"Nederland","Bezoekad_1":"http://geobusiness.nl/leden/vgi-support","Bezoekad_2":"","Website":"http://www.vgi-support.nl/","Logo":"http://i1.webtr02.webtraders.nl/slir/w50-h50-q80/http://v2.sparqcms.com/dir_upload/blog/b90b3fc0969934f9c426006ccb40.jpg"},"popupTemplate":null},{"geometry":{"spatialReference":{"wkid":4326},"x":5.360910267999998,"y":52.171264233000045},"symbol":null,"attributes":{"OBJECTID":101,"BEDRIJF":"Vicrea","Postbus":"Postbus 1489","SingeLine":"","Bezoekadre":"Vanadiumweg 11k","Woonplaats":"Amersfoort","Postcode":"3812 PX","Postcode1":"3812PX","Land":"Nederland","Bezoekad_1":"http://geobusiness.nl/leden/vicrea","Bezoekad_2":"","Website":"http://www.vicrea.nl/","Logo":"http://i1.webtr02.webtraders.nl/slir/w50-h50-q80/http://v2.sparqcms.com/dir_upload/blog/2cd1eee116c44e89cecf44d74f95.jpg"},"popupTemplate":null},{"geometry":{"spatialReference":{"wkid":4326},"x":6.149250305999999,"y":52.25509932700004},"symbol":null,"attributes":{"OBJECTID":102,"BEDRIJF":"Witteveen+Bos","Postbus":"Postbus 233","SingeLine":"","Bezoekadre":"Van Twickelostraat 2","Woonplaats":"Deventer","Postcode":"7411 SC","Postcode1":"7411SC","Land":"Nederland","Bezoekad_1":"http://geobusiness.nl/leden/witteveenbos","Bezoekad_2":"","Website":"http://www.witteveenbos.nl/","Logo":"http://i1.webtr02.webtraders.nl/slir/w50-h50-q80/http://v2.sparqcms.com/dir_upload/blog/94fff2a837c8b0b3d69e387c7d75.jpg"},"popupTemplate":null},{"geometry":{"spatialReference":{"wkid":4326},"x":4.652366933000053,"y":52.39076177800001},"symbol":null,"attributes":{"OBJECTID":104,"BEDRIJF":"HFEmetrio","Postbus":"Postbus 678","SingeLine":"","Bezoekadre":"Hendrik Figeeweg 4","Woonplaats":"Haarlem","Postcode":"2031 BJ","Postcode1":"2031 BJ","Land":"Nederland","Bezoekad_1":"http://geobusiness.nl/leden/hfemetrio","Bezoekad_2":"","Website":"http://www.hfemetrio.nl/","Logo":"http://i1.webtr02.webtraders.nl/slir/w50-h50-q80/http://v2.sparqcms.com/dir_upload/blog/45d9a519072002e4b39116fc8822.jpg"},"popupTemplate":null},{"geometry":{"spatialReference":{"wkid":4326},"x":5.9217047680000405,"y":51.97210530000001},"symbol":null,"attributes":{"OBJECTID":105,"BEDRIJF":"Roxit","Postbus":"Westervoortsedijk 50","SingeLine":"","Bezoekadre":"Westervoortsedijk 50","Woonplaats":"Arnhem","Postcode":"6827 AT","Postcode1":"6827 AT","Land":"Nederland","Bezoekad_1":"http://geobusiness.nl/leden/roxit","Bezoekad_2":"","Website":"http://www.roxit.nl/","Logo":"http://i1.webtr02.webtraders.nl/slir/w50-h50-q80/http://v2.sparqcms.com/dir_upload/blog/d99961bfb0a3e152ad50d6fa6958.jpg"},"popupTemplate":null},{"geometry":{"spatialReference":{"wkid":4326},"x":5.361237255000049,"y":51.70257552200002},"symbol":null,"attributes":{"OBJECTID":106,"BEDRIJF":"Heijmans Integrale Projecten B.V.","Postbus":"Postbus 2","SingeLine":"","Bezoekadre":"Graafsebaan 3","Woonplaats":"Rosmalen","Postcode":"5248 JR","Postcode1":"5248 JR","Land":"Nederland","Bezoekad_1":"http://geobusiness.nl/leden/heijmans-integrale-projecten-bv","Bezoekad_2":"","Website":"http://www.heijmans.nl/Heijmans","Logo":"http://i1.webtr02.webtraders.nl/slir/w50-h50-q80/http://v2.sparqcms.com/dir_upload/blog/c6bb537ec877f1c481747fb331a8.jpg"},"popupTemplate":null},{"geometry":{"spatialReference":{"wkid":4326},"x":5.124973126000043,"y":52.09865920500005},"symbol":null,"attributes":{"OBJECTID":107,"BEDRIJF":"2CoolMonkeys","Postbus":"Hooghiemstraplein 155","SingeLine":"","Bezoekadre":"Hooghiemstraplein 155","Woonplaats":"Utrecht","Postcode":"3514 AZ","Postcode1":"3514 AZ","Land":"Nederland","Bezoekad_1":"http://geobusiness.nl/leden/2coolmonkeys","Bezoekad_2":null,"Website":"http://www.2coolmonkeys.nl","Logo":"http://i1.webtr02.webtraders.nl/slir/w50-h50-q80/http://v2.sparqcms.com/dir_upload/blog/3c47adc857346c2e0fcec7c94f44.jpg"},"popupTemplate":null},{"geometry":{"spatialReference":{"wkid":4326},"x":5.087648846000036,"y":52.06870731700002},"symbol":null,"attributes":{"OBJECTID":109,"BEDRIJF":"Aerodata Surveys Nederland","Postbus":"Groenewoudsedijk 40","SingeLine":null,"Bezoekadre":"Groenewoudsedijk 40","Woonplaats":"Utrecht","Postcode":"3528 BK","Postcode1":null,"Land":"Nederland","Bezoekad_1":"http://geobusiness.nl/leden/aerodata","Bezoekad_2":null,"Website":"http://www.aerodata-surveys.com/","Logo":"http://i1.webtr02.webtraders.nl/slir/w50-h50-q80/http://v2.sparqcms.com/dir_upload/blog/e9ce03c454f9c643e7a86e11a33f.jpg"},"popupTemplate":null},{"geometry":{"spatialReference":{"wkid":4326},"x":5.894867696000006,"y":51.98488637400004},"symbol":null,"attributes":{"OBJECTID":110,"BEDRIJF":"Alliander","Postbus":"Utrechtseweg 68","SingeLine":null,"Bezoekadre":"Utrechtseweg 68","Woonplaats":"Arnhem","Postcode":"6812 AH","Postcode1":"6812 AH","Land":"Nederland","Bezoekad_1":null,"Bezoekad_2":null,"Website":"http://www.alliander.com","Logo":null},"popupTemplate":null},{"geometry":{"spatialReference":{"wkid":4326},"x":4.558719243000041,"y":51.95336751100001},"symbol":null,"attributes":{"OBJECTID":112,"BEDRIJF":"CGI Nederland B.V.","Postbus":"Postbus 8566","SingeLine":null,"Bezoekadre":"George Hintzenweg 89","Woonplaats":"Rotterdam","Postcode":"3068 AX","Postcode1":"3068 AX","Land":"Nederland","Bezoekad_1":"http://geobusiness.nl/leden/cgi-nederland-bv","Bezoekad_2":null,"Website":"http://www.cginederland.nl/","Logo":"http://i1.webtr02.webtraders.nl/slir/w50-h50-q80/http://v2.sparqcms.com/dir_upload/blog/928b3aba9e063706c1ec4612a37c.jpg"},"popupTemplate":null},{"geometry":{"spatialReference":{"wkid":4326},"x":4.444585562000043,"y":51.90997463100001},"symbol":null,"attributes":{"OBJECTID":113,"BEDRIJF":"DataCraft","Postbus":"Schiedamseweg 78 A2","SingeLine":null,"Bezoekadre":"Schiedamseweg 78 A2","Woonplaats":"Rotterdam","Postcode":"3025 AE","Postcode1":"3025 AE","Land":"Nederland","Bezoekad_1":"http://geobusiness.nl/leden/datacraft","Bezoekad_2":null,"Website":"http://www.datacraft.nl","Logo":"http://i1.webtr02.webtraders.nl/slir/w50-h50-q80/http://v2.sparqcms.com/dir_upload/blog/229511dabeff4b820fdc306aae8b.jpg"},"popupTemplate":null},{"geometry":{"spatialReference":{"wkid":4326},"x":5.290746400000046,"y":51.68628111100003},"symbol":null,"attributes":{"OBJECTID":114,"BEDRIJF":"Enexis","Postbus":"Postbus 856","SingeLine":null,"Bezoekadre":"Magristratenlaan 116","Woonplaats":"s-Hertogenbosch","Postcode":"5223 MB","Postcode1":"5223 MB","Land":"Nederland","Bezoekad_1":"http://geobusiness.nl/leden/enexis","Bezoekad_2":null,"Website":"https://www.enexis.nl/","Logo":"http://i1.webtr02.webtraders.nl/slir/w50-h50-q80/http://v2.sparqcms.com/dir_upload/blog/58ca2322f0d77b2e42bfc4728d5e.jpg"},"popupTemplate":null},{"geometry":{"spatialReference":{"wkid":4326},"x":5.3792713680000475,"y":52.232251624000014},"symbol":null,"attributes":{"OBJECTID":115,"BEDRIJF":"Facto Geo Meetdienst","Postbus":"Energieweg 11","SingeLine":null,"Bezoekadre":"Energieweg 11","Woonplaats":"Bunschoten","Postcode":"3751 LT","Postcode1":"3751 LT","Land":"Nederland","Bezoekad_1":"http://geobusiness.nl/leden/facto-geo-meetdienst","Bezoekad_2":null,"Website":"http://www.facto-geo.nl/","Logo":"http://i1.webtr02.webtraders.nl/slir/w50-h50-q80/http://v2.sparqcms.com/dir_upload/blog/7f2b90212b7b1563a1ada7173ee1.jpg"},"popupTemplate":null},{"geometry":{"spatialReference":{"wkid":4326},"x":5.594098121000002,"y":52.01347929900004},"symbol":null,"attributes":{"OBJECTID":116,"BEDRIJF":"GeoCat","Postbus":"Veenderweg 13","SingeLine":null,"Bezoekadre":"Veenderweg 13","Woonplaats":"Bennekom","Postcode":"6721 WB","Postcode1":"6721 WB","Land":"Nederland","Bezoekad_1":"http://geobusiness.nl/leden/geocat","Bezoekad_2":null,"Website":"https://www.geocat.net/","Logo":"http://i1.webtr02.webtraders.nl/slir/w50-h50-q80/http://v2.sparqcms.com/dir_upload/blog/d479e3189140db88136977e6fa68.jpg"},"popupTemplate":null},{"geometry":{"spatialReference":{"wkid":4326},"x":5.52428272100002,"y":52.16440198000004},"symbol":null,"attributes":{"OBJECTID":117,"BEDRIJF":"GeoCensus","Postbus":"Postbus 495","SingeLine":"","Bezoekadre":"Tolboomweg 1","Woonplaats":"Terschuur","Postcode":"3784 XC","Postcode1":"3784 XC","Land":"Nederland","Bezoekad_1":"http://geobusiness.nl/leden/geocensus","Bezoekad_2":null,"Website":"http://www.geocensus.nl/","Logo":"http://i1.webtr02.webtraders.nl/slir/w50-h50-q80/http://v2.sparqcms.com/dir_upload/blog/9f97f9d0363cb5954190aca52b65.jpg"},"popupTemplate":null},{"geometry":{"spatialReference":{"wkid":4326},"x":5.949431630000049,"y":52.21374211600005},"symbol":null,"attributes":{"OBJECTID":118,"BEDRIJF":"Geo-ICT Training Centre","Postbus":"Hoofdstraat 20","SingeLine":null,"Bezoekadre":"Hoofdstraat 20","Woonplaats":"Apeldoorn","Postcode":"7311 JT","Postcode1":"7311 JT","Land":"Nederland","Bezoekad_1":"http://geobusiness.nl/leden/geo-ict-training-center","Bezoekad_2":null,"Website":"http://www.geoicttrainingcenter.nl","Logo":"http://i1.webtr02.webtraders.nl/slir/w50-h50-q80/http://v2.sparqcms.com/dir_upload/blog/cf17cbaea4438af356b48ea1cedc.jpg"},"popupTemplate":null},{"geometry":{"spatialReference":{"wkid":4326},"x":5.108788116000028,"y":52.06329130700004},"symbol":null,"attributes":{"OBJECTID":119,"BEDRIJF":"HERE Europe BV","Postbus":"Postbus 450","SingeLine":"","Bezoekadre":"Europalaan 400","Woonplaats":"Utrecht","Postcode":"3526 KS","Postcode1":"3526 KS","Land":"Nederland","Bezoekad_1":"http://geobusiness.nl/leden/here-global-bv","Bezoekad_2":null,"Website":"http://www.here.com","Logo":"http://i1.webtr02.webtraders.nl/slir/w50-h50-q80/http://v2.sparqcms.com/dir_upload/blog/c376c351cc466e8dc7045bea51ba.jpg"},"popupTemplate":null},{"geometry":{"spatialReference":{"wkid":4326},"x":4.360021434000032,"y":52.01683621300003},"symbol":null,"attributes":{"OBJECTID":120,"BEDRIJF":"IT Works","Postbus":"Paardenmarkt 1C","SingeLine":null,"Bezoekadre":"Paardenmarkt 1C","Woonplaats":"Delft","Postcode":"2611 PA","Postcode1":"2611 PA","Land":"Nederland","Bezoekad_1":"http://geobusiness.nl/leden/it-works","Bezoekad_2":null,"Website":"http://www.itworks.nl/","Logo":"http://i1.webtr02.webtraders.nl/slir/w50-h50-q80/http://v2.sparqcms.com/dir_upload/blog/39ab0bf2601fbba3a961b6121620.jpg"},"popupTemplate":null},{"geometry":{"spatialReference":{"wkid":4326},"x":4.292041828000038,"y":52.014900330000046},"symbol":null,"attributes":{"OBJECTID":121,"BEDRIJF":"Leica Geosystems B.V.","Postbus":"Turfschipper 39","SingeLine":null,"Bezoekadre":"Turfschipper 39","Woonplaats":"Wateringen","Postcode":"2292 JC","Postcode1":"2292 JC","Land":"Nederland","Bezoekad_1":null,"Bezoekad_2":null,"Website":"http://www.leica-geosystems.nl/","Logo":null},"popupTemplate":null},{"geometry":{"spatialReference":{"wkid":4326},"x":6.123939174000043,"y":52.508366875000036},"symbol":null,"attributes":{"OBJECTID":122,"BEDRIJF":"MapGear B.V.","Postbus":"Postbus 50032","SingeLine":null,"Bezoekadre":"Dr. Van Deenweg 120","Woonplaats":"Zwolle","Postcode":"8025 BN","Postcode1":"8025 BN","Land":"Nederland","Bezoekad_1":"http://geobusiness.nl/leden/mapgear-bv","Bezoekad_2":null,"Website":"http://www.mapgear.nl/","Logo":"http://i1.webtr02.webtraders.nl/slir/w50-h50-q80/http://v2.sparqcms.com/dir_upload/blog/005e33b7929ef15b4e6d6d641001.jpg"},"popupTemplate":null},{"geometry":{"spatialReference":{"wkid":4326},"x":6.556174100000021,"y":53.20481694800003},"symbol":null,"attributes":{"OBJECTID":123,"BEDRIJF":"Merkator","Postbus":"Leonard Springerlaan 37-3","SingeLine":null,"Bezoekadre":"Leonard Springerlaan 37-3","Woonplaats":"Groningen","Postcode":"9727 KB","Postcode1":"9727 KB","Land":"Nederland","Bezoekad_1":"http://geobusiness.nl/leden/merkator","Bezoekad_2":null,"Website":"http://www.merkator.be/","Logo":"http://i1.webtr02.webtraders.nl/slir/w50-h50-q80/http://v2.sparqcms.com/dir_upload/blog/23cf5923d5da176b77ebb7fe0146.jpg"},"popupTemplate":null},{"geometry":{"spatialReference":{"wkid":4326},"x":5.336001343000021,"y":51.67740163800005},"symbol":null,"attributes":{"OBJECTID":124,"BEDRIJF":"PinkRoccade Local Government BV","Postbus":"Postbus 1470","SingeLine":null,"Bezoekadre":"Meerendonkweg 35","Woonplaats":"s-Hertogenbosch","Postcode":"5216 TZ","Postcode1":"5216 TZ","Land":"Nederland","Bezoekad_1":"http://geobusiness.nl/leden/pinkroccade-local-government","Bezoekad_2":null,"Website":"http://www.pinkroccade.com/","Logo":"http://i1.webtr02.webtraders.nl/slir/w50-h50-q80/http://v2.sparqcms.com/dir_upload/blog/aebec2bbaf2e4caf9b4e1699e615.jpg"},"popupTemplate":null},{"geometry":{"spatialReference":{"wkid":4326},"x":5.178377209000018,"y":51.698414162000006},"symbol":null,"attributes":{"OBJECTID":125,"BEDRIJF":"Ruimteschepper","Postbus":"Kuiper 5","SingeLine":null,"Bezoekadre":"Kuiper 5","Woonplaats":"Nieuwkuijk","Postcode":"5253 RJ","Postcode1":"5253 RJ","Land":"Nederland","Bezoekad_1":"http://geobusiness.nl/leden/ruimteschepper","Bezoekad_2":null,"Website":"http://www.ruimteschepper.nl/","Logo":"http://i1.webtr02.webtraders.nl/slir/w50-h50-q80/http://v2.sparqcms.com/dir_upload/blog/759262419240bf5cdd4e0ba6f537.jpg"},"popupTemplate":null},{"geometry":{"spatialReference":{"wkid":4326},"x":6.928249073000018,"y":52.299204616000054},"symbol":null,"attributes":{"OBJECTID":126,"BEDRIJF":"Siers Infraconsult B.V.","Postbus":"Postbus 121","SingeLine":null,"Bezoekadre":"Schelmaatstraat 14","Woonplaats":"Oldenzaal","Postcode":"7575 BR","Postcode1":"7575 BR","Land":"Nederland","Bezoekad_1":"http://geobusiness.nl/leden/siers-infraconsult-bv","Bezoekad_2":null,"Website":"http://www.siersgroep.nl/","Logo":"http://i1.webtr02.webtraders.nl/slir/w50-h50-q80/http://v2.sparqcms.com/dir_upload/blog/12019b33647765c3f8ff9fe444b0.jpg"},"popupTemplate":null},{"geometry":{"spatialReference":{"wkid":4326},"x":5.1248276060000535,"y":51.86563610500002},"symbol":null,"attributes":{"OBJECTID":127,"BEDRIJF":"Stichting GeoFort","Postbus":"Nieuwe Steeg 74","SingeLine":null,"Bezoekadre":"Nieuwe Steeg 74","Woonplaats":"Herwijnen","Postcode":"4171 KG","Postcode1":"4171 KG","Land":"Nederland","Bezoekad_1":"http://geobusiness.nl/leden/geofort","Bezoekad_2":null,"Website":"http://www.geofort.nl/","Logo":"http://i1.webtr02.webtraders.nl/slir/w50-h50-q80/http://v2.sparqcms.com/dir_upload/blog/2c4fb389d2015ecca17d548cb422.jpg"},"popupTemplate":null},{"geometry":{"spatialReference":{"wkid":4326},"x":6.0976891820000105,"y":52.52596069400005},"symbol":null,"attributes":{"OBJECTID":128,"BEDRIJF":"Thorbecke","Postbus":"Postbus 40097","SingeLine":"","Bezoekadre":"Zwartewaterallee 25a","Woonplaats":"Zwolle","Postcode":"8032 DZ","Postcode1":"8032 DZ","Land":"Nederland","Bezoekad_1":"http://geobusiness.nl/leden/thorbecke","Bezoekad_2":null,"Website":"http://www.thorbecke.nl/","Logo":"http://i1.webtr02.webtraders.nl/slir/w50-h50-q80/http://v2.sparqcms.com/dir_upload/blog/d41f79a927db22810b2f095a830d.jpg"},"popupTemplate":null},{"geometry":{"spatialReference":{"wkid":4326},"x":5.086658988000011,"y":52.066870531000006},"symbol":null,"attributes":{"OBJECTID":129,"BEDRIJF":"Tracé BV","Postbus":"Groenewoudsedijk 63","SingeLine":null,"Bezoekadre":"Groenewoudsedijk 63","Woonplaats":"Utrecht","Postcode":"3528 BG","Postcode1":"3528 BG","Land":"Nederland","Bezoekad_1":"http://geobusiness.nl/leden/trace","Bezoekad_2":null,"Website":"http://www.tracebv.nl","Logo":"http://i1.webtr02.webtraders.nl/slir/w50-h50-q80/http://v2.sparqcms.com/dir_upload/blog/c033f599d5a57f47c4d76c20d11e.jpg"},"popupTemplate":null},{"geometry":{"spatialReference":{"wkid":4326},"x":5.650915542000007,"y":51.91453101800005},"symbol":null,"attributes":{"OBJECTID":130,"BEDRIJF":"Vermeer Maatvoering","Postbus":"Matensestraat 60A","SingeLine":null,"Bezoekadre":"Matensestraat 60A","Woonplaats":"Dodewaard","Postcode":"6669 CJ","Postcode1":"6669 CJ","Land":"Nederland","Bezoekad_1":"http://geobusiness.nl/leden/vermeer-maatvoering","Bezoekad_2":null,"Website":"http://www.vermeermaatvoering.nl/","Logo":"http://i1.webtr02.webtraders.nl/slir/w50-h50-q80/http://v2.sparqcms.com/dir_upload/blog/706e37477f3f9151dafeb6bf021c.jpg"},"popupTemplate":null},{"geometry":{"spatialReference":{"wkid":4326},"x":6.005410326000003,"y":52.161503029000016},"symbol":null,"attributes":{"OBJECTID":131,"BEDRIJF":"VWB GeoGroep B.V.","Postbus":"Kanaal Zuid 290","SingeLine":null,"Bezoekadre":"Kanaal Zuid 290","Woonplaats":"Lieren","Postcode":"7364 AJ","Postcode1":"7364 AJ","Land":"Nederland","Bezoekad_1":null,"Bezoekad_2":null,"Website":"http://www.vwb.nl/","Logo":null},"popupTemplate":null},{"geometry":{"spatialReference":{"wkid":4326},"x":7.987864771281051,"y":51.56055343087871},"symbol":null,"attributes":{"OBJECTID":132,"BEDRIJF":"Fake","Postbus":"FAKETEST","SingeLine":null,"Bezoekadre":null,"Woonplaats":null,"Postcode":null,"Postcode1":null,"Land":null,"Bezoekad_1":null,"Bezoekad_2":null,"Website":null,"Logo":null},"popupTemplate":null}],"fields":[{"alias":"OBJECTID","defaultValue":null,"editable":false,"length":-1,"name":"OBJECTID","nullable":false,"type":"esriFieldTypeOID"},{"alias":"BEDRIJF","defaultValue":null,"editable":true,"length":254,"name":"BEDRIJF","nullable":true,"type":"esriFieldTypeString"},{"alias":"Postbus","defaultValue":null,"editable":true,"length":254,"name":"Postbus","nullable":true,"type":"esriFieldTypeString"},{"alias":"SingeLine","defaultValue":null,"editable":true,"length":254,"name":"SingeLine","nullable":true,"type":"esriFieldTypeString"},{"alias":"Bezoekadre","defaultValue":null,"editable":true,"length":254,"name":"Bezoekadre","nullable":true,"type":"esriFieldTypeString"},{"alias":"Woonplaats","defaultValue":null,"editable":true,"length":254,"name":"Woonplaats","nullable":true,"type":"esriFieldTypeString"},{"alias":"Postcode","defaultValue":null,"editable":true,"length":254,"name":"Postcode","nullable":true,"type":"esriFieldTypeString"},{"alias":"Postcode1","defaultValue":null,"editable":true,"length":254,"name":"Postcode1","nullable":true,"type":"esriFieldTypeString"},{"alias":"Land","defaultValue":null,"editable":true,"length":254,"name":"Land","nullable":true,"type":"esriFieldTypeString"},{"alias":"Bezoekad_1","defaultValue":null,"editable":true,"length":254,"name":"Bezoekad_1","nullable":true,"type":"esriFieldTypeString"},{"alias":"Bezoekad_2","defaultValue":null,"editable":true,"length":254,"name":"Bezoekad_2","nullable":true,"type":"esriFieldTypeString"},{"alias":"Website","defaultValue":null,"editable":true,"length":254,"name":"Website","nullable":true,"type":"esriFieldTypeString"},{"alias":"Logo","defaultValue":null,"editable":true,"length":254,"name":"Logo","nullable":true,"type":"esriFieldTypeString"}],"geometryType":"esriGeometryPoint","spatialReference":{"latestWkid":4326,"wkid":4326}}